[
  {
    "id": "1ce77f0a-c8bd-41e7-b7ef-ea1baab48221",
    "data": [
      {
        "text": "What products do you offer",
        "userDefined": false
      }
    ],
    "isTemplate": false,
    "count": 0,
    "updated": 0
  },
  {
    "id": "f761d2e8-8236-45cb-b8ba-6a84d6735d79",
    "data": [
      {
        "text": "I would like to order",
        "userDefined": false
      }
    ],
    "isTemplate": false,
    "count": 0,
    "updated": 0
  },
  {
    "id": "d51ea0cc-103d-46d0-b8fe-597064050e92",
    "data": [
      {
        "text": "What products can i buy",
        "userDefined": false
      }
    ],
    "isTemplate": false,
    "count": 0,
    "updated": 0
  },
  {
    "id": "ca599356-dd88-4e82-bf29-04487663e6d6",
    "data": [
      {
        "text": "What can i buy",
        "userDefined": false
      }
    ],
    "isTemplate": false,
    "count": 0,
    "updated": 0
  },
  {
    "id": "4c2d2699-ab33-413d-b608-125b541b4f67",
    "data": [
      {
        "text": "What products to you sell",
        "userDefined": false
      }
    ],
    "isTemplate": false,
    "count": 0,
    "updated": 0
  },
  {
    "id": "0c244e67-6154-45ac-8dd2-2b76977db0aa",
    "data": [
      {
        "text": "What do you offer",
        "userDefined": false
      }
    ],
    "isTemplate": false,
    "count": 0,
    "updated": 0
  },
  {
    "id": "69bcb5a3-1b20-4079-aa41-2c93fc8bda1d",
    "data": [
      {
        "text": "I want to order some paper",
        "userDefined": false
      }
    ],
    "isTemplate": false,
    "count": 0,
    "updated": 0
  }
]