[
  {
    "id": "4651e5b4-bca5-4e7b-94f1-5c7999d3563f",
    "data": [
      {
        "text": "my current id is ",
        "userDefined": false
      },
      {
        "text": "104",
        "alias": "customerId",
        "meta": "@sys.number",
        "userDefined": false
      }
    ],
    "isTemplate": false,
    "count": 0,
    "updated": 0
  },
  {
    "id": "8d14e11f-faae-40ed-8f7c-ea1fb1ae9b9b",
    "data": [
      {
        "text": "customer id is ",
        "userDefined": false
      },
      {
        "text": "20",
        "alias": "customerId",
        "meta": "@sys.number",
        "userDefined": false
      }
    ],
    "isTemplate": false,
    "count": 0,
    "updated": 0
  },
  {
    "id": "3cfdd456-579c-4196-83c6-57d650cbaac3",
    "data": [
      {
        "text": "it\u0027s ",
        "userDefined": false
      },
      {
        "text": "102",
        "alias": "customerId",
        "meta": "@sys.number",
        "userDefined": false
      }
    ],
    "isTemplate": false,
    "count": 0,
    "updated": 0
  },
  {
    "id": "fa72337d-321e-47b3-af6e-12b16115d4c0",
    "data": [
      {
        "text": "it is ",
        "userDefined": false
      },
      {
        "text": "20",
        "alias": "customerId",
        "meta": "@sys.number",
        "userDefined": false
      }
    ],
    "isTemplate": false,
    "count": 0,
    "updated": 0
  },
  {
    "id": "46082013-c17f-4e06-be0a-cbcabbd626bf",
    "data": [
      {
        "text": "20",
        "alias": "customerId",
        "meta": "@sys.number",
        "userDefined": false
      }
    ],
    "isTemplate": false,
    "count": 0,
    "updated": 0
  },
  {
    "id": "63a6adb9-a362-4852-a399-1ee8cd9fb788",
    "data": [
      {
        "text": "my id is ",
        "userDefined": false
      },
      {
        "text": "30",
        "alias": "customerId",
        "meta": "@sys.number",
        "userDefined": false
      }
    ],
    "isTemplate": false,
    "count": 0,
    "updated": 0
  },
  {
    "id": "d7c3760a-83cf-48b7-b49a-87b9eba72333",
    "data": [
      {
        "text": "it is ",
        "userDefined": false
      },
      {
        "text": "10",
        "alias": "customerId",
        "meta": "@sys.number",
        "userDefined": false
      }
    ],
    "isTemplate": false,
    "count": 0,
    "updated": 0
  },
  {
    "id": "1e103ee6-e7ae-48ff-a72d-52ed3bf6c0e9",
    "data": [
      {
        "text": "my number is ",
        "userDefined": false
      },
      {
        "text": "20",
        "alias": "customerId",
        "meta": "@sys.number",
        "userDefined": true
      }
    ],
    "isTemplate": false,
    "count": 0,
    "updated": 0
  },
  {
    "id": "2b9cd97b-875d-4307-9755-25638e45f5ff",
    "data": [
      {
        "text": "My customer id is ",
        "userDefined": false
      },
      {
        "text": "10",
        "alias": "customerId",
        "meta": "@sys.number",
        "userDefined": false
      }
    ],
    "isTemplate": false,
    "count": 0,
    "updated": 0
  }
]