[
  {
    "id": "1115542f-3609-49a1-9867-1931950ab587",
    "data": [
      {
        "text": "Yes sure",
        "userDefined": false
      }
    ],
    "isTemplate": false,
    "count": 0,
    "updated": 0
  },
  {
    "id": "ae702032-df17-4b03-947b-584336249c54",
    "data": [
      {
        "text": "Yes i want to order it",
        "userDefined": false
      }
    ],
    "isTemplate": false,
    "count": 0,
    "updated": 0
  },
  {
    "id": "16e0c9f7-e92a-441d-8477-3ee9a1d74c1a",
    "data": [
      {
        "text": "I do agree",
        "userDefined": false
      }
    ],
    "isTemplate": false,
    "count": 0,
    "updated": 0
  },
  {
    "id": "f5390dfb-aac0-48cb-91a2-5fbbfe815344",
    "data": [
      {
        "text": "Yes",
        "userDefined": false
      }
    ],
    "isTemplate": false,
    "count": 0,
    "updated": 0
  },
  {
    "id": "af0a1588-1c64-4db5-9a6d-9550061b9323",
    "data": [
      {
        "text": "I agree",
        "userDefined": false
      }
    ],
    "isTemplate": false,
    "count": 0,
    "updated": 0
  },
  {
    "id": "ae763564-a714-4458-8d39-42ef5feda395",
    "data": [
      {
        "text": "Yes I do",
        "userDefined": false
      }
    ],
    "isTemplate": false,
    "count": 0,
    "updated": 0
  },
  {
    "id": "4268e77c-c270-4855-b8b7-987faf3c0a12",
    "data": [
      {
        "text": "Yes I want to order",
        "userDefined": false
      }
    ],
    "isTemplate": false,
    "count": 0,
    "updated": 0
  },
  {
    "id": "d0b8d207-7192-4e08-b996-ccb79a8a144f",
    "data": [
      {
        "text": "Yes i agree",
        "userDefined": false
      }
    ],
    "isTemplate": false,
    "count": 0,
    "updated": 0
  }
]